id	sentence
0	Girls are happy when they get flowers
1	His jaw dropped in disbelief when he saw the price of the concert tickets.
2	Sometimes the ugly stench makes me wanna throw up.
3	The foul odor from the garbage bin was disgusting.
4	I can’t believe it, they lost the game in the last minute.
5	Feeling dismissed or belittled fuels my frustration.
6	The food in that restaurant made me feel like vomiting.
7	John is really excited for the festival next week.
8	Having a colleaguethat is a freeloader. makes me feel let down.
9	 Walking alone in the dark forest sends shivers down my spine and fills me with fear.
10	I sprained my ankle
11	I love waking up to a warm cup of coffee, knowing it's finally weekend.
12	When I do not get something right the first time, I get frustrated.
13	A clear blue sky lifts my mood.
14	I told you a thousand times before to leave me alone and mind your own business!
15	Paul started to resent Lola after all the broken promises.
16	The snake gave everyone a fright.
17	Hearing footsteps behind her in the deserted street made her heart race with fear.
18	My neighbor got nervous when there was a break-in at his house last night.
19	Insects are crawling under my skeen
20	The mere thought of ghosts wandering in the attic gives me goosebumps.
21	I got rejected by the university I want to go to, I feel terrible.
22	That foul smell coming from the bin is enough to make anyone feel disgusted.
23	My parents are happy when they are at sea.
24	Rainy days make me feel depressed.
25	The taste of the spoiled milk left a lingering disgust, reminding me to double-check expiration dates in the future.
26	She bought a new house, so she is over the moon now.
27	I am enthusiastic about the new block!
28	She felt betrayed by her family.
29	I lost my temper and shouted at my dog for making a mess.
30	There is no time for anything here, just work and work.
31	It infuriates me when the trains get cancelled.
32	Receiving an unexpected gift on a regular day filled me with wonder.
33	Stealing makes me furious.
34	Hearing sudden noise from the attic at night makes my heart race with fear.  
35	Opening a box that has some old memorabilia 
36	He feels guilty for lying to her.
37	She was flabbergasted when she saw her favorite celebrity star in the mall.
38	I froze with fear when I saw a dark shape in the corner of the room.
39	I went to the dentist and it turned out he was a hedgehog, who would have expected that?
40	Road jams are just frustrating, leaving me annoyed and impatient.
41	The eerie silence in the old haunted house made my heart race with fear.
42	Seeing animals in distress makes me cry.
43	I no longer have the will to live.
44	The mess from the carnival was revolting. 
45	I have fear of heights.
46	They lost my parcel in transit !
47	Every morning, I feel lonely and can hardly eat because of too much stress.
48	The family cried when the grandfather passed away.
49	I'm worried about what grade I will receive for my exam.
50	I have a strong aversion against vegetables.
51	When I loose my keys I get mad at myself.
52	I can't believe you remembered my favourite song for karaoke night!
53	Kyle angrily closed the door when he was grounded by his parents.
54	Repeatedly hitting the malfunctioning computer out of sheer anger only worsened the situation.
55	Eerie sounds in the abandoned house intensified Mary's fear during the ghost tour.
56	Heart pounding, she hugged her knees tightly, fearing what lurked in the shadows.
57	Jenna cringed at the overflowing trash bin's pungent odor in the neglected apartment.
58	I get anxious near the end of the block.
59	The ending of the book surprised me.
60	Satisfaction from arriving home to your wife and 1 loving daughter is irreplaceable for most people.
61	Discovering a dent on his car caused an immediate surge of frustration. 
62	My friend cried watching a rom-com movie.
63	The plot twist at the end of the movie left us all in disbelief.
64	I felt surprised when I was told I am going to get promoted.
65	The way they treat each other is sickening.
66	We love to cook together every Sunday.
67	The sound of thunder made him cower under the covers, gripped by irrational fear. 
68	I'm repelled by people not using deodorant.
69	Seeing a car approaching faster than expected while crossing the road makes you sweat.
70	Walking in the dark is really scary
71	I often feel disgusted using the public restrooms.
72	Taste of tomatoes sickens me.
73	My sister is excited to watch the new Spiderman movie.
74	My friend came all the way from another continent to surprise me.
75	I was afraid that this would happen.
76	I lost my house in the casino, I feel bad about it.
77	Hearing her laughter echo through the house brought a sense of happiness that warmed every corner of my heart.
78	I love trying new activities.
79	The smell of rotten food in the trash can makes me gag.
80	I find it dusgusting when my kitchen is not cleaned.
81	I regret the things I said to you.
82	Seeing a big cockroach in the kitchen made me feel really grossed out.
83	He felt relieved after passing this block.
84	I can't believe how much you've grown since we last met!
85	Her mother was disappointed when her son started drinking after promising he wouldn't
86	Finding a bouquet of flowers on my doorstep left me happily taken aback.
87	I've been feeling blue ever since I moved.
88	After moving abroad Emily felt a deep sense of loneliness without her family nearby.
89	I was surprised to see my best friend with my ex.
90	I hate eating broccoli, it is disgusting.
91	The lonely puppy let out a plaintive whimper, expressing a profound feeling of abandonment and sorrow.
92	The cancellation of the event last minute was frustrating.
93	Thank you for the gift guys ! 
94	Jake is proud he got a good grade for his essay,
95	They threatened to snitch on her.
96	I am glad to see you!
97	She got rejected for an internship.
98	I was distraught at the sight of the lost child.
99	I was amazed by her skillful singing!
100	I really like dancing at a party.
101	Anthony felt hurt when someone made fun of him.
102	When I see a spider I run the opposite direction
103	I hate having to explain concepts multiple times over
104	How on Earth is this correct?
105	When I'm scared, I always sit downstairs so I'm on guard.
106	I was flabberghasted when my friends kept a suprise party for me
107	The size of that statue astonished me.
108	It enfuriates me, when I don't win.
109	Failing to achieve my goals has left me feeling quite despondent.
110	I feel sad when I know I have to wake up early the next day.
111	Spending time with friends is so fun!
112	The lack of accountability in certain situations makes me seethe with frustration.
113	Get out of the classroom!
114	I am extremely proud of this achievement!
115	Seeing disregard for the environment fills me with a sense of revulsion.
116	Feeling lonely in a crowded room, she struggled to hide the ache in her heart.
117	I cannot believe that you booked this trip, it will be so much fun.
118	Brussel sprouts taste like dirt.
119	I'm afraid of swimming in deep waters.
120	Why can't I ever seem to do anything right?!
121	Finding out someone had spread false rumors about me sparked an intense anger, demanding justice and correction.
122	I am happy when I am spending time with my friends.
123	The man spat out his food when he saw it contained a hair.
124	Sam feels sick when he smells the stinky garbage.
125	The public feels betrayed by the minister's decision.
126	My friend was disgusted by the fact that some people don’t wash their hands after using the bathroom.
127	I was taken aback by the sudden thunderstorm after such a sunny day.
128	I love to drink a coffee in the morning!
129	With a disgusted sigh, she hastily wiped the grime off her hands after touching the sticky doorknob.
130	The waitress seems to be very annoyed by her boss.
131	What is that foul smell looming around the pasture?
132	I am scared that she will take my kids.
133	Dropping my ice cream makes me feel sad.
134	The smell in here is disturbing.
135	Loosing a friend is an awful thing.
136	She abhors injustice in any form, finding it utterly despicable.
137	When the lights went out, the surprise birthday cake appeared, leaving me speechless.
138	Ben feels icky when someone runs their fingernail across the board.
139	I feel safe and content in your vicinity.
140	This trip ended up being way better than I thought.
141	Discovering hidden talents within oneself can be astonishing.
142	Seeing the shadowy figure in the alley, a shiver ran down the boy's spine, fear intensifying in the dim light.
143	She was shivering, afraid she might break.
144	Darkness scares me.
145	I clenched my fists in rage when I saw the scratch on my brand new car.
146	Seeing unleashed vicous dog approaching is terrifying 
147	I'm out of coffee.
148	I get angry when I do not win my matches.
149	I enjoy spending time with my family.
150	Can you stop doing that?
151	I detest eating green milkshakes.
152	It was such a coincidence that my friend also goes to my class.
153	I am surprised by an unexpected meeting with an old acquaintance.
154	The traffic was a nightmare, and it made me really upset.
155	I don't want to be here alone.
156	It makes my blood boil when people talk loudly on their phones in quiet public spaces.
157	The sight of the towering waves during the storm terrified me.
158	It's surprising that he gave up so easily.
159	It’s disappointing that we couldn’t spend more time together.
160	Fists clenched, teeth gritted, she seethed with pent-up frustration.
161	Being alone in a new place can make me feel anxious and vulnerable.
162	Not getting results I want after putting my soul into the task
163	I lose my temper when I see someone mistreating animals.
164	I was suprised to see my parents stand next to the road.
165	I'm sad when I have to get up early.
166	I enjoy a cup of tea when it's cold outside.
167	The sudden thunderstorm caught us off guard during our picnic.
168	The students were confused about how to begin the task.
169	The ancient artifact was discovered right in our own backyard.
170	Stepping on a squishy banana peel made me cringe and want to wash my foot.
171	My heart raced with fear as I heard strange noises in my room.
172	He worried about his soldier sons in the war.
173	I was surprised by the test at school.
174	I finished the race in 1st position
175	The family gathered together in grief as they mourned the loss of their beloved pet.
176	All the children were in high spirits on the last day of school.
177	I get sad when I see a sick animal.
178	I love it when winter is over.
179	What annoys me is that they didn't let us in.
180	I felt scared when I got lost in the woods, with no one around.
181	The sight and smell of rotten food in the refrigerator made her feel nauseous with disgust. 
182	he slammed the door to his room, a testament the rage he was feeling.
183	I am very hesitant to buy products from this street vendor.
184	Discovering a hidden talent for painting came as a delightful surprise to her. 
185	The warmth of the sun on my face fills me with joy.
186	My dog wags its tail vigorously and jumps around happily when it sees me.
187	My dog Betty always cheers me up.
188	It is nice when things end up being not to bad.
189	The state of the public restroom was disgusting, there was toilet paper on the ground.
190	The sharp retort sliced through the air, fueled by a boiling fury.
191	Bungee jumping seems very scary
192	I'm scared when I skydive at night.
193	It is awful there are so many animals being abused.
194	Being disregarded when I'm talking
195	I feel angry whenever I get blamed for actions I haven't commited
196	It is his plesure to host this party.
197	Old friends' unexpected arrival turned Lisa's evening into a joyous surprise.
198	The slimy texture of the spoiled jelly on my sandwich was unpleasant.
199	I hate the feeling of hand cream or oil on my hands.
200	The child sneezing in her face made her queasy.
201	I am very proud that I got a 10 on my math exams.
202	Hearing the lies spread about me ignited a fire of anger inside that I couldn't quench.
203	The surprise birthday party my friends threw for me filled me joy.
204	It's terrifying to walk alone at night.
205	I had to bite my tongue to stop myself from yelling in frustration.
206	Billy was stunned to find his crush was in the same class as him.
207	He positively surprised her.
208	The audience gasped in surprise at the unexpected plot twist in the play.
209	A grimace twisted her features as she caught a whiff of the foul odor emanating from the garbage bin.
210	I walked on the street after carnaval and it's absolutely awful
211	Receiving an unexpected gift from a stranger in the mail left her pleasantly surprised and curious.
212	One of my friends has a fear of spiders.
213	She was affraid to not oversleep.
214	There's is no need to be resentful towards people with different opinions.
215	I hate when my shoes are dirty.
216	Memories of better times bring tears to my eyes.
217	I am excited for the holidays.
218	Why does it smell so bad in here?
219	It angers me when someone cuts the queue.
220	I didn't expect my brother to knock on my door.
221	I love it when the warm sun of the summer shines on my face.
222	It's not fair that she passes and I don't.
223	Being left behind in space
224	I'm afraid of almost drowning at a obscure part of the ocean
225	He is panicking that he might not pass the semester.
226	I’ve been crying for days.
227	The abandoned teddy bear lay forgotten in the corner.
228	Seeing her name on the winner's list left her in shock.
229	They started panicking when they heard the Police sirens.
230	I get happy when I get to sleep.
231	I've just won the annual marathon in my city!
232	He was hesitant to share his phone number.
233	My medicine has a side effect, which can make me feel agitated.
234	The man was shocked to see that his wife prepared a dinner for the two of them when he got back from a long day of work.
235	My dog was very excited when I started playing with him.
236	Katie felt humaliated when her mother showed embarrassing pictures of her to her boyfriend,
237	The little boy was too afraid to enter the dark room.
238	The solitary figure sat on the park bench, lost in thoughts of his bleak situation.
239	I can't wait for us to go to Spain!
240	Watching sunsets relaxes me.
241	The strong smell of the rotten food repelled me from entering the kitchen.
242	letting opportuinity slip through fingers
243	I cried when I heard the song on the radio that reminded me of him.
244	My grandmom was really sad when my grandpa passed
245	"Blindfolded, she entered the room to find a group of friends and family shouting, ""Happy Birthday!"" — a delightful surprise party she never saw coming."
246	He felt alienated in his friend group.
247	My sister feels uncomfortable when strangers talk to her in the clubs.
248	The unknown looms large, casting shadows of fear in my mind.
249	I won Lotto
250	The rotten egg's smell made me feel gross.
251	Wiping away tears, she whispered a final goodbye to a dear friend.
252	Luna can not bear if someone is impolite with the elderly people.
253	 Hugging my pet feels warm and loving.
254	My mother is the best mother in the world!
255	I feel fearful whenever a loud noise occurs around me
256	The blatant disregard for the environment in the recent policy changes fueled an anger that was hard to shake off.
257	 Losing my old photographs brought tears to my eyes.
258	The father was yelling at the child because he got an insufficient grade in math class.
259	I felt left out when my friends went off to do something together without me.
260	The dumpster reeks.
261	It enfuriates me when I am being treated unfairly.
262	I feel surprised whenever someone I don't talk to often remembers my birthday
263	I get so mad whenever someone talks to loud when I'm having a conversation
264	Reading the final page of a story that had become a part of me, I was struck by a wave of sadness, knowing it was the end.
265	When someone commented on my weight, I started to feel insecure.
266	People are terrified at the thought of death.
267	I hate to see a hair in my food.
268	John felt really uncomfortable when he had to present his findings after doing nothing.
269	I am thankful for having such a lovely family.
270	I hate driving arround Sofia.
271	I feel at ease when I can feel and taste the ocean breeze
272	I fear the never ending march of time.
273	I was in awe of this country's beauty.
274	She can't bear the thought of dirty, unwashed dishes.
275	Spending time with loved ones always brings a smile to my face.
276	They were delighted with the results.
277	It was the worst gig ever, the seats were uncomfortable and music was too loud.
278	She gags at the thought of eating slimy oysters.
279	Lately, I have been feeling disconnected from others and unable to find joy in anything.
280	Maya felt joyful when she received a hug from her grandmother.
281	When the boulder fell on the road I stamped the break pedal out of fear.
282	Going down to the basement is always terrifying.
283	The unexpected arrival of guests left me pleasantly surprised.
284	Wow, I can't believe you won the contest.
285	Funda cried her eyes out when she lost her puppy.
286	The woman was too stunned to speak.
287	I'm disgusted with the way she treated you.
288	I'm furious that someone took credit for my hard work.
289	My heart broke when my girlfriend of five years and I split up.
290	I feel uneasy walking alone at night.
291	The dirty dishes in the sink are utterly revolting.
292	That smell sickens me.
293	The freshmen are intimidated by the seniors.
294	The sudden loud noise in the quiet room startled me.
295	The man ran away when three big men wanted to fight with him.
296	Tom wandered through the empty school, feeling a heavy sadness in the echoing halls.
297	After losing the game, he stormed out in a fit of rage.
298	I was repulsed by the things I have seen on the internet.
299	He was delighted from the manners of the young lady.
300	I didn’t expect her to cut her hair so short.
301	My parents get angry at me when I do not listen them.
302	The news of him leaving left me feeling utterly heartbroken.
303	I didn't expect the movie to end that way.
304	It's a incredibly pleasing coincidence whenever I run into a good friend on the road
305	I feel my blood boiling with anger when I'm listening to my boyfriend's excuses.
306	He's sad about the assignment.
307	There's one piece of cake left in the fridge, but it's all squished. I have the urge to eat it and not waste food.
308	I'm lonely when i smoke alone.
309	The sudden clap of thunder made me jump with surprise.
310	The presentation on monday is making me nervous.
311	The experiment yielded results that defied all our expectations.
312	Unfair treatment at work fueled his simmering anger towards his boss.
313	The news of the lottery win left him in a state of disbelief.
314	I fear of being lonely.
315	The friend I always hang out with said he does not want to hang out with me, this saddens me.
316	At the top of the drop tower, I was terrified.
317	My food order is 3 hours late !
318	I love going to solo trips!
319	He was afraid to admit his mistake, fearing the consequences of his actions.
320	Her smile was so wide it almost lit up the entire room.
321	The policy will flabbergast most people.
322	Dealing with scammers
323	The dumpster's odor made me frown as I took out the trash.
324	I was angry at my friend.
325	I like when it rains
326	It's a bummer that I failed for biology exams again.
327	I always get angry when my flat mate whines about everything.
328	Dark, empty streets at night always make her feel nervous.
329	The way he acted was really surprising.
330	The upcoming deadline is making me terrified. 
331	I felt dejected when I received disappointing news about a internship opportunity.
332	it feels like a stab in the back when your partner cheats on you.
333	Look there is a cat on the road!
334	I like spending time volunteering.
335	Yesterday I felt so energetic to finish it.
336	Panic spread when news of a new COVID variant surfaced.
337	The thought of returning to London filled her with dread.
338	It's disgusting to find hair in your food. 
339	Walking alone at night brings shivers up my back.
340	As the last page turned, a tear fell, mourning the end of the story that had become her escape.
341	I get tired, waking up so early every morning.
342	It was terrifying watching that accident happen.
343	My brother is furious when his favorite football team loses a match.
344	I don't know what happened to me when the car fell in the water.
345	The dog had his tail between his legs, trembling with fear.
346	Moldy food disgusts me.
347	Scratching nails across certain surfaces makes me cringe.
348	 The unexpected creaking sound at home game me shivers.
349	 I love riding my bike to work!
350	I will cry if my puppy gets sick
351	I'm sad when I'm out of vodka.
352	All my friends are terrified of bugs.
353	I'm sad whenever I am not included
354	Seeing my childhood friend in a city thousands of miles from home took me by complete surprise.
355	The creaking floorboards at night filled his mind with unease, making sleep elusive.
356	That man is jumping with excitement, his face lit up with a wide grin, because he just won the lottery.
357	As the curtains opened, the audience erupted in cheers, surprised by the celebrity guest making a special appearance in the school play.
358	Losing a cherished pet left him with a heavy heart and pangs of grief.
359	I enjoy spending time in the park.
360	The weight of loss sits heavy on my heart.
361	I was pleasantly surprised by how well my students performed on the test.
362	The sight and smell of the decaying food in the garbage makes her stomach churn.
363	The neighbour seems very downcast since they lost their cat.
364	When someone picks their nose, she will be disgusted
365	Seeing a large dog unleashed makes her heart race.
366	I love coming home to have my dog greet me
367	I'm speechless.
368	Finding mold in the corners of the shower stall grosses me out beyond words.
369	My boss was livid when he saw the reports from last month
370	Slamming the door, she vented her anger after a heated argument with her sibling.
371	I don't think that is a good idea.
372	She feels left out by her friends.
373	I can't believe you forgot my birthday again; I'm absolutely fuming.
374	It's disgusting when someone makes a mess and don't clean it up
375	I find it repulsive when people litter in beautiful natural parks.
376	The streets of Tilburg during carnaval are covered with garbage, puke and excrement.
377	The passing of my granddad made me very depressed
378	I love my job.
379	Looking at the garbage people throw in the street makes me sick.
380	When did the discount on energy drinks start?
381	I was so nervous when I heard my manager wanted to talk to me.
382	The sight of overripe, squashed fruit on the sidewalk is thoroughly unappetizing.
383	I am so done with this place.
384	Lisa felt hurt when her classmates laughed at her mistake.
385	I despise people who commit any form of abuse.
386	I was startled by her presence in the meeting.
387	Gazing at old photographs stirred up bittersweet memories of happier times. 
388	I really dislike kale
389	I think it's disgusting when people don't wash their hands after going to the bathroom.
390	Finding the movie I had been searching for months brought me an immense joy that I hadn't felt in a long time.
391	After she passed away, this place felt so empty.
392	My mother was really angry with me.
393	I got surprised for my birthday.
394	Everyone laughs when my uncle jokes around.
395	I am mad at her because her behaviour was impolite.
396	It is neglectful to disregard the importance of dental care.
397	It's so scary when someone almost hits you on the road.
398	Witnessing the northern lights dance across the sky for the first time was a breathtaking surprise, exceeding all expectations.
399	I like standing in the sun.
400	Thinking about meat production makes me sad.
401	I can't believe I listened to you.
402	I love going on a walk in spring!
403	Seeing the injustice faced by vulnerable communities every day stoked a deep-seated anger and a desire to advocate for change.
404	After the argument, left him crying alone in his room.
405	I need to clean up after my dog pooped
406	It was a pleasant surprise when I found 20 euros in my back pocket!
407	I love eating cake.
408	I was taken aback when I discovered I had won the competition.
409	She wished for a better grade.
410	I recieved happy birthday from an acquaintance I don't talk with
411	His patience finally boiled over when the computer crashed for the third time that day.
412	Hearing a loud noice makes me jump.
413	The idea of using a dirty bathroom with no soap or toilet paper is horrifyingly disgusting.
414	Artists are enraged that AI is taking their jobs.
415	His face turned red with rage as he discovered someone had tampered with his work without permission.
416	I was so happy when I found my lost wallet.
417	He got very raged after finding out his girlfriend cheated on him.
418	It is so frustrating when someone tells you to do something in an arrogant voice.
419	I was so surprised when I found a letter in my mailbox today.
420	I get angry when I get a flat tire.
421	Heart racing, she stared in disbelief at the improbable sight unfolding before her eyes.
422	The rainy days match my gloomy mood perfectly.
423	Opening the door to find her long-lost friend standing on the doorstep left her speechless with surprise.
424	The mother was upset by the constant cries of her child.
425	I’m thankful for my parents.
426	The news of the natural disaster left a heavy weight on my heart.
427	I have finally found that coin I was looking for.
428	I hate the feeling when I have to bury my dead pets
429	It made me really sad to see homeless people begging for food on the streets.
430	At the end of this year, he was genuinely depressed.
431	I want to throw up when the meat I eat is chewy.
432	Witnessing acts of cruelty towards the vulnerable fills me with disgust.
433	Jason recoiled at the slimy texture of expired food he bit into unknowingly.
434	The boy smashed his desk when he died in the videogame.
435	It's disgusting when someone sneezes in my face. 
436	None of my friend ever invite me to hang out.
437	I ran away out of fear when the clown ran at me.
438	Emily's mood matched the gray clouds outside, lost in thoughts of a broken friendship.
439	My stomach turned over when I saw someone kick that dog, what a disgusting act.
440	I love that we have so many international students in this university.
441	Walking through the dark alley at night fills me with a sense of dread.
442	I'm very uncomfortable with the naked man in the park. 
443	I'm afraid of hurting pets that I care about
444	The blatant disregard for the rules at the park made my blood boil with anger.
445	I was heart-broken when the coffee machine broke.
446	He was sad because he dropped his sandwich upside down.
447	It's nice to see my plant growing.
448	Changing the baby's diaper made her nauseous.
449	The thought of social gatherings perturbs me.
450	I was terrified when a guy was following me home at night.
451	She was truly amazed by the output of this project.
452	It disgusts me when there is dirt in the sea.
453	I’m optimistic about this block.
454	Seeing my childhood friend at the reunion after decades was a surprise.
455	They really won the lottery?
456	My brother loves Nutella with pickles and I'm absolutely repelled by that. 
457	Public performance makes my heart race.
458	I am surprised that you came
459	I was excited when I heard my name for the first place of the competition!
460	He was disheartened when he failed the important exam.
461	Rock climbing is scary
462	Whoa, another Windows update!
463	There is so much to do, we will never be able to finish that.
464	I am dreading the visit to the doctor.
465	This movie is very depressing to see.
466	The couple stormed off after hearing they weren't invited to the wedding.
467	The haunting melody of the old piano cast a shadow of sadness over the room and its solitary player.
468	Watching my friend succeed, puts a smile on my face.
469	Pool filters make me really uneasy and scared
470	It makes me angry when no one is available to cover my shift.
471	The view on the left is beautiful.
472	I can't stand people smoking near bus stops.
473	People that play with gum in their mouth disgust me.
474	He has quite a temper when he plays games on his computer. 
475	Emily's wave of disgust prompted a quick cleanup of the spoiled milk in the fridge.
476	My sister hates it when someone touches her stuff
477	Someone did not take the trash out.
478	My brother announced he was having a baby, it was surprising.
479	Mark's hands shook with anxiety as he prepared to give a presentation in front of a large audience.
480	He can't stand the stickiness of spilled soda on the floor.
481	Why are they always late?
482	I was thrown off guard by the surprise party.
483	I was annoyed at my sister for using my clothes.
484	I despise lying above all else; honesty is paramount to me.
485	The flying boat really caught me off guard.
486	The chef is bitter that his dishes were disrespected.
487	You really need to clean here, everything is sticky.
488	I am angry.
489	Do not talk to me like that you ungrateful kid!
490	At the sudden, loud bang, everyone in the room flinched in unison.
491	The scent of fresh flowers always brings her joy.
492	She started crying after she heard the news.
493	Unexpected encounters often lead to delightful surprises.
494	It was remarkable to see how quickly the tiny seedling grew into a towering tree.
495	Hearing the news about the promotion left me pleasantly astonished.
496	He was shocked when there was an exam today.
497	I cannot stand the smell of spoiled milk
498	Her constant lateness to meetings was beginning to really grate on me.
499	The underdog team won against all odds in the final minutes of the game.
500	I panicked when he went over the speed limit. 
501	Taking a moment to appreciate the beauty of nature lifts my spirits.
502	Finding money is a surprise.
503	Seeing cockroaches scatter out of a trashcan made me feel a wave of disgust.
504	I broke my leg, it hurts.
505	I got amazing news today!
506	As the train pulled away, taking him to a new life, a deep sadness settled over me, knowing things would never be the same.
507	Every creak of the floorboards sent a jolt of terror through her trembling frame.
508	I get nauseous by the smell of fish, because I was sick once eating it.
509	The chance of failing the exam fills me with dread.
510	When someone pretends to be an expert but turns out to be a fraud, it's infuriating.
511	I really enjoy working 13 hours in the kitchen serving the same food over and over again.
512	I am afraid I will fail the test.
513	My friend got aggressive when someone yelled at him.
514	electricity parked when I plug in the charger
515	I get angry when I miss my train.
516	Every time I come home I am full of joy.
517	After a fight with my best friend I feel hurt and powerless. 
518	I crashed my car and I want to cry.
519	After this horror, I'm afraid to go outside.
520	I didn't expect a birthday party
521	Eating mango makes my day better.
522	Her sudden appearance at the party was completely unexpected.
523	The sight of mold growing on the walls of the damp room was utterly abhorrent.
524	Whoa, I passed the block!
525	The sudden thunderstorm caught everyone off guard.
526	I am scared.
527	I just saw someone eating a mouse, I almost fainted.
528	I am scared that my uncle will not recover after that accident. 
529	I cannot stand it if someone chews with their mouth open.
530	Mike felt satisfied with his achievement.
531	I was shocked that my neighbor was actually a magician.
532	The challenge before her was daunting, but she knew she had to face her fears to overcome it.
533	We are so glad you found a new job.
534	It is such a pity that the main character of my series died.
535	Having someone appear where you did not expect anyone to be makes you jump
536	Receiving that long-awaited promotion at work made me incredibly happy.
537	I cringe at the sight of a hair in my food.
538	I am going to die alone.
539	My doctor told me anxious that I tested negative.
540	I felt really angry when she lied about plagiarizing my work.
541	Being cut off in traffic triggered a sudden flare-up of intense anger.
542	It's incredible to surpass expectations and achieve results beyond what was predicted.
543	Discovering a new book that captures my interest makes my day more exciting.
544	Someone has been following me down a dark alley.
545	She regretted not saying goodbye, a mistake that haunted her every night.
546	Whenever he hugs me, I feel like I'm in heaven.
547	Raindrops fell steadily from the gray sky as the sorrowing work week started again.
548	I love to think about space!
549	My friend sorrows over the loss of her cat.
550	I failed block E.
551	The sight of the blooming flowers in spring makes my heart happy.
552	After sipping my coffee, I felt uneasy realizing I had used expired milk, making me grimace in discomfort.
553	I wasn't expecting the grade I got.
554	It icks me when people do not wash their hands regulaly.
555	Aron's heart raced with fear as she heard strange noises coming from the attic.
556	The sound of distant sirens echoed through the empty streets, a somber reminder of the tragedies that lurked in the shadows of the city.
557	The sight of the slimy, mould-covered walls of the abandoned house made me want to throw up. 
558	My friends love when I asked them questions about the things they like.
559	She is interested in learning Dutch.
560	The monkey gets really excited when it is fed a banana.
561	You betrayed me even though I trusted you with my life!
562	The moment the sun broke through the clouds, I couldn't help but smile.
563	When I finally see my girlfriend after four months apart, I’ll jump for joy!
564	My dad gets disgusted when he sees people digging gold in their noses. 
565	He finds it nasty when someone leaves their dirty socks on the floor
566	Ralph jumped out of his skin when he heard the gunshot.
567	The slimy texture of the food revolted me
568	Rachel boiled with anger discovering her project was plagiarized.
569	The eerie silence in the abandoned building left me feeling uneasy.
570	The gruesome scene in the movie turned my stomach.
571	Witnessing someone spit on the ground in public sends a wave of disgust through me.
572	I'm depressed because my boyfriend left me for a prettier woman. 
573	I never expected that you would be so tall
574	Winning the game brought a wave of joy over me!
575	The stench of garbage left to rot in the summer sun is enough to make anyone's stomach turn.
576	I was astonished by the paintings of Vincent van Gogh.
577	My grandma is happy when grandpa gives her flowers.
578	I feel lost and without a purpose in life...
579	She was crying a river when watching the movie.
580	She was worried about Mike, because he stopped responding to her messages.  
581	The empty chair at the table during the holidays served as a stark reminder, enveloping me in a deep sadness.
582	I cried because my dad forgot my birthday.
583	Lily felt proud when she received her grade.
584	I am surprised.
585	Why would you spit on the floor ?
586	The eerie silence enveloped her like a suffocating blanket, intensifying her sense of dread.
587	The child had a sad look on his face while looking at his broken toy.
588	When his father abandoned him he felt really bad.
589	I watched a sad movie last night and still haven't recovered.
590	I am disgusted.
591	Stepping in a puddle of muddy water left him feeling utterly disgusted. 
592	Tom's jaw dropped when he discovered his favorite band's secret concert in the local venue.
593	I cry when I loose my toys.
594	I feel so happy when I hear this song!
595	He walked alone, the empty streets echoing his heavy heart.
596	You startled me!
597	I sometimes get really scared because of intrusive thoughts
598	You are an awful person for doing this to me.
599	Getting a low grade gives me negative emotions
600	I just got fired from my job.
601	Look, a double rainbow!
602	Getting sick and missing the party made me feel down and lonely.
603	I feel horrible whenever I don't succeed at doing something
604	I can not stand it if someone snores.
605	Saying goodbye never gets easier.
606	I am so glad that I got this job. 
607	I find it very offended when my mother is too direct with me.
608	I'm sad the last few days before my vacation ends.
609	I get nauseus from the smell of motor oil.
610	everybody was ecstatic to continue the party after the rain had stopted 
611	They were too stunned to speak when the management broke the news to them.
612	Riding a roller coaster is always really exciting.
613	I get frustrated when someone interrupts me while I'm talking.
614	Soldering iron is free to use in library
615	It feels uncomfortable to sit in a cramped space in a classroom.
616	Executive Disfunction makes me depressed.
617	The quiet of the empty room echoed my loneliness, making me feel even more isolated.
618	I get angry when there is no organization.
619	I feel nauseated when I step in something slimy and unknown on the sidewalk.
620	I feel sad when something doesn't go to plan
621	I felt guilty after storming out of this meeting.
622	My mother is finally relieved that surgery is over. 
623	The slimy texture of the food made me feel quite repulsed.
624	It's unbelievable to bump into you randomly like this!
625	He expressed his revulsion towards the whale hunting.
626	The laughter of my dad fills me with happiness.
627	The thought of failing my exams is terrifying.
628	It's so frustrating when you're working on something and you hit a roadblock because something's missing, stalling your progress.
629	I am surprised whenever there's a active discount on products I want
630	She's so lonely .
631	The creaking noise upstairs when I'm home alone sends a chill down my spine.
632	The rain-soaked teddy bear on the sidewalk left Emma with a deep sense of melancholy.
633	I was not expecting my boyfriend to surprise me with a cake on my birthday!
634	I got threatened in the center today.
635	It's hard to be alone.
636	Frustrated by a series of mishaps, she clenched her fists, feeling the heat of anger rising within her.
637	I’m just really unhappy.
638	She felt disgusted when he made a move on her.
639	That tower is way taller than I expected.
640	I enjoy tears and suffering when there is purpose behind the activity.
641	I was so disgusted seeing a cockroach crawling over the kitchen floor.
642	The crowd panicked and stampeded for the exit.
643	The feeling of stepping on something sticky and unknown on the floor is deeply unpleasant.
644	This song sucks !
645	I am grossed out if someone sticks a gum under a table.
646	I hate it when it rains this much.
647	I saw all the litter in the city and I was so disgusted.
648	I don't like when you are behaving like that!
649	What a coincidence to run into you here in the park, of all places!
650	Molded bread is a very disgusting sight.
651	He was surprised when he found out he wasn't the father.
652	His dropped ice cream made him sad on a hot afternoon.
653	The stench of the dump was unbearable when we passed by.
654	Accomplishing a long-term goal left him feeling a deep sense of contentment and fulfillment.
655	His condescending tone during our argument filled me with irritation.
656	I am disgusted by the sound of that language.
657	I hate the way Valentina dresses.
658	Hearing that song always brings back a wave of nostalgia and sadness.
659	My dad is proud of me when I do well in school.
660	I'm definitely not getting chills from sounds behind me in the dark with no light.
661	I can't believe you remembered.
662	My dad gets worried whenever I offer to drive us to family gatherings.
663	The idea of getting lost in the vast, empty space of the ocean terrifies me.
664	She missed the sound of laughter that once filled her home.
665	The sun's gentle warmth and perfect temperature make it a day where neither sunglasses nor jackets are needed.
666	I loathe price inflation!
667	I can't believe this.
668	She's excited about the upcoming concert.
669	Sarah beamed with happiness as she unwrapped the long-awaited book gift.
670	I hate when my roommate throws my laundry on the floor!
671	I hate my landlord.
672	Walking alone in the dark alley sent shivers of fear down her spine. 
673	The news of her grandmother's passing engulfed her in profound sadness. 
674	I flabbergasted the president with my question.
675	I am amazed by the beautiful flowers growing in my grandma's garden.
676	Witnessing acts of kindness in the world fills me with happiness.
677	I felt so excited for this trip.
678	I get enraged when traffic makes me late for work.
679	Couples twirled on the dance floor, their smiles radiating pure happiness.
680	The movie's sad ending left me with tears streaming down my face.
681	My grandmother is happy when I visit her. 
682	Injustice frustrates me immensely
683	I really miss my friends.
684	I'm amazed you remembered our first date!
685	The sudden turbulence during the flight sent a wave of fear through the passengers, reminding us of our vulnerability.
686	I'm utterly disgusted by the lack of hygiene in public restrooms.
687	I get nightmares when I see clowns.
688	My blood boils when I witness bullying or unfair treatment.
689	I am shocked that there was an earthquake.
690	I feel disgusted whenever someone burps loudly
691	I get nauseous whenever I think about her.
692	The news of his promotion came as a complete surprise, as he had never mentioned it before.
693	Emma felt depressed when she lost her grandmother.
694	The sight of the rotten food made me sick to my stomach.
695	Oh my god, I am so excited to meet you finally!
696	I am amazed I even made it this far.
697	A delighted squeal erupted from her lips as she unwrapped the mysterious gift.
698	I found a massive spider nest under my bed
699	I don't think we can deliver this presentation well.
700	The boss snapped at the employee for making multiple mistakes.
701	A wave of nausea engulfed him.
702	I worry I will not pass the block.
703	I love cats !
704	A loud thunk startled me in the middle of a forest.
705	I get very anxious when I think about competitions.
706	The sound of thunder makes me jump out of my skin!
707	He felt uneasy in the owner's living room.
708	The end of my favorite book left me feeling melancholy.
709	Old friends shared laughter, creating a warm happiness during their reunion.
710	Unexpected loud noises make him jump every time.
711	What are they going to do to us now?
712	Encountering endless problems while trying to fix something, only to ultimately fail, makes my blood boil.
713	Witnessing an act of cruelty towards animals filled her with disgust towards humanity. 
714	David's eyes welled up with tears as he watched a sad movie.
715	Looking into spider eyes and fangs
716	I can't look at someone smoking cigarettes ugh.
717	Critics reviled the new policy, calling it short-sighted and harmful to the community.
718	I was stunned when I saw my childhood friend waiting for me at the airport, a surprise reunion after years apart.
719	He forgot to take a shower, 2 weeks ago.
720	When my laptop breaks without me making backups, it's a nightmare.
721	I really appreciate your help; it made a huge difference.
722	It is a miracle I have not had a car accident yet.
723	Tea with milk is a disgusting combination, I don't like it.
724	The thought of speaking in front of a large crowd paralyzes me with fear.
725	The constant noise from the neighbor's party at 3 AM filled me with an intense fury.
726	My anxiety grew when I did not hear back from my mom.
727	The thought of being watched when I can't see anyone around makes my hair stand on end.
728	Disgust flashed in her eyes as she watched the cockroach scuttle across the kitchen counter.
729	Seeing the old, abandoned house, memories of better times flooded back, bringing tears to my eyes.
730	My purse keeps sliding off my shoulder, it’s so annoying. 
731	I was having a lovely chat with a friend while we walked home.
732	I get repulsed when people don’t follow basic table etiquette.
733	I'm sad when I forgot to charge my phone. 
734	Tears welled up in her eyes as she remembered her childhood friend who had passed away.
735	The sight and smell of the spoiled milk in the refrigerator made my stomach churn with disgust.
736	When I saw the dog wagging its tail as I approached, a surge of happiness washed over me.
737	Cat gets angry when I catch her and put her in air jail (holding her in the air while she can't do nothing about it)
738	People were stunned to find out that Pluto is not a planet.
739	I detest people listening to music on a train without headphones.
740	My friends always worry about me when I respond late to texts.
741	Many people are afraid of skydiving.
742	I am drifting away in space without control
743	Their treatment of the environment is downright disgusting.
744	I don't think oranges should be that color.
745	My friend felt offended when someone asked about her religion.
746	The creaking sounds in the empty house sent a shiver of fear down my spine, imagining unseen visitors in the dark.
747	Sharing laughter with loved ones around a crackling bonfire created unforgettable memories. 
748	Well, if the dams break, I'll just float away gracefully, no need to worry about my swimming skills!
749	I'm so eager to meet my celebrity crush this friday!
750	The news of my dog passing left a void filled with an inconsolable sadness.
751	Watching the sunset, she felt a deep longing for days that would never return.
752	I felt let down when my friend did not show up on time. 
753	I was surprised to learn that he's moving abroad. 
754	The sudden appearance of a spider caused him to jump back in fear.
755	Those children seem so happy playing in the swing.
756	Receiving a heartfelt compliment from a friend made his day brighter. 
757	It's so frustrating when it starts raining.
758	Emily's eyes sparkled with joy when she heard she could have a puppy.
759	My dog is wagling it's tail
760	I'm happy when I have time to watch cycling races.
761	I get sad whenever the week is over.
762	It's infuriating when people cancel plans at the last minute!
763	I feel lonely when my friends leave 
764	The child's face lit up with delight as they unwrapped a thoughtful and unexpected gift on their birthday.
765	He felt great grief when losing his father
766	Someone pointed their gun at my forehead and I immediately felt panicky.
767	The constant upstairs noise pushed him to anger.
768	 She looked at him with revulsion.
769	Receiving an unexpected gift brings a smile to my face.
770	I have won a lottery, but my daughter died day after, which led to a downwards spiral in the upcoming months, when my brother committed suicide followed by my daughter. I have psychopathic tendencies, so it saddens me, but it's okay.
771	Winning the surprise lottery ticket left me astonished at my luck.
772	The concert yesterday was ecstatic.
773	The sight of the moldy bread left me feeling grossed out.
774	Hearing strange noises outside my window gives me the creeps.
775	They were startled by the strange noise.
776	Discovering the unfair treatment she received at work ignited a fire of anger within me that I struggled to contain.
777	I always feel empty inside after a festival.
778	I love the feeling of a nice refreshing beverage after a hard days work
779	Seeing her name on the list of finalists for the prestigious award filled him with disbelief and surprise. 
780	I feel lonely when I drink wine all by myself. 
781	The protagonist was dumbfounded after discovering his nemesis was still alive.
782	The magician's final trick was so incredible it astonished the entire audience.
783	Finding a hidden note in the library book was a small but delightful surprise, connecting me to a stranger's kindness.
784	The late delivery of my package has left me really angry.
785	The error in my code caught me of guard.
786	The smell that hangs inside a donkey stall is enough to make most stomachs turn.
787	I am frightened that I might get mugged at night.
788	I'm stuck in sewage pipe
789	My dad gets angry when I don't do my laundry.
790	I cried when my cat died.
791	Alex felt powerless to change the situation as he watched his friend struggle.
792	Grieving the absence of someone dearly missed is a difficult journey.
793	I am sad.
794	It infuriates me when someone cuts me off while talking.
795	Every time she thought about the upcoming vacation, a sense of excitement bubbled up inside her.
796	The sight of the overflowing dumpster behind the restaurant was truly detestable.
797	What an unexpected finale ! 
798	The sight of the steep drop from the edge of the cliff made my legs tremble uncontrollably.
799	Constant interruptions in the meeting fueled John's anger.
800	My plane lost all engines
801	Seeing my team win the championship filled me with pure happiness.
802	I am disgusted by you.
803	Winning the lottery was a real cause for celebration.
804	My anger at him is so bad that I want to burn all our photos.
805	I always feel down when I think about my deceased dog.
806	I'm shocked that my sister is having a baby.
807	I got frustrated when my cake burned.
808	I am disgusted by criminals everytime I see them on TV.
809	I am full of rage after the results of today's match.
810	No way, I won the lottery!
811	They planned a surprise birthday party for her, and she had no idea until she walked into the room.
812	Every word spat out was laced with venom, dripping with resentment.
813	I'm scared when I swim in the ocean and see sharks.
814	I'm afraid of an earthquake when I'm in a skyscraper.
815	I hate sweaty people.
816	Seeing someone spit is disgusting.
817	My cousin is happy when the weather is snowy and he can ski.
818	Sally's heart skipped a beat as her childhood friend tapped her on the shoulder at the crowded airport.
819	I can't stand even thinking about spiders, it is in my genes, it makes me shake uncontrollably.
820	It makes me sad when I have to do chores.
821	Sometimes it's hard to control the surge of anger, but I strive to channel it constructively.
822	The traffic lights are changing unusually quickly today.
823	Brian felt left out when his friends did not invite him to hang out.
824	To this day, he still feels grief.
825	I avoid going to the public bathroom, because they are usually not clean.
826	I can't stand people that eat meat! They repel me
827	Accomplishing a challenging task  leaves me feeling both satisfied and proud.
828	I love the feeling of having a warm cup of tea in a cold day.
829	My sister likes to watch anime.
830	Centipedes freak me out.
831	Seeing someone litter in a pristine natural area sparks an anger in me that's hard to quell.
832	My boyfriend and I have been told that we are getting a puppy today!
833	I like the feeling of accomplishment.
834	I hate when my ice cream melts in summer. 
835	He was inspired by her speech. 
836	My eyes tear up every time I think about birds dying on plastic.
837	I'm very interested in the book I got for my birthday. 
838	I am so frustrated right now.
839	It makes me angry when I'm stuck in traffic.
840	She felt bitter when her friend made a distasteful comment about her new dress.
841	The smell emanating from the neglected refrigerator was enough to induce a strong feeling of disgust and a quick retreat.
842	I hate touching the garbage, it's filthy.
843	I'm so tired of people making fun of me. 
844	She recoiled in disgust at the sight of the moldy food lurking in the back of the refrigerator.
845	The sudden loud noise in the dark alley made me jump in fear.
846	The day we run out of coffee really gets me thinking.
847	I received double the amount of bonuses than I presumed.
848	My mother likes to create schedules
849	I just completed 20km bike ride
850	The nauseating sound of someone slurping soup at the dinner table instantly repelled my dad.
851	The unexpected promotion left him wide-eyed and speechless, a pleasant surprise in the midst of a regular workday.
852	Seeing flies eat food is gross.
853	I wish it wasn't so windy outside.
854	The test was really confusing for some people.
855	I really did not expect that farewell party.
856	Feeling vulnerable in unfamiliar territory can be paralyzing.
857	Finding a cockroach crawling in the kitchen sink evoked a visceral sense of disgust and repulsion.
858	I am surprised you are still here.
859	A breakup is always a tough pill to swallow, and it's left me feeling really down.
860	My sister gets irritated when people are walking slow in front of her.
861	Spotting a shooting star during the meteor shower was a delightful and magical astonishment.
862	I was in shock when my friend told me that my boyfriend was cheating on me.
863	What a surprise!
864	This weather is making me melancholic. 
865	Seeing someone litter in such a beautiful park is truly disgusting.
866	They couldn't believe they won the competition
867	having to clean up a drain that is clogged with hair
868	The sight of chewed-up gum under tables makes his skin crawl.
869	The audience were amazed at the girls beautiful singing.
870	Betrayal cuts deep, leaving behind a trail of anger.
871	They scoffed at the idea that the project could be completed in a week.
872	They are repulsed by the idea of eating insects.
873	I'm confident we are going to have a great summer holiday!
874	Do I really have to do this?
875	I feel very excited every time I meet my friends especially when I haven't seen them in a while.
876	I feel depressed when I have to fill my logs at the end of the block.
877	I never would have expected that she would do this.
878	He felt a surge of anxiety.
879	I wanted to break up with my boyfriend, but he broke up with me before I told him.
880	I get sad when I don't have any more candy
881	I get aggressive when I see someone ignoring their kid.
882	I'm turned off by people who lie.
883	I was disappointed by my rejection from Harvard.
884	Jane felt a wave of sadness reading her friend's farewell letter.
885	Waking up early for a 12+ hour work day is very unfortunate.
886	Meeting with friends is fun.
887	Injustice ignites a fire within me that's hard to quench.
888	Finding the old, forgotten letter in the book was an unexpected delight.
889	I passed my exams
890	Children's laughter filled the park, spreading joy to all.
891	I get irritated when we lose a LOL game.
892	Ignored requests tested Sarah's patience, triggering a burst of anger.
893	Unexpected twists and turns in a story keep me on the edge of my seat.
894	Winning the game made him jump with excitement.
895	The sudden appearance of a rainbow after the storm left me speechless.
896	Feeling deceived by someone I trusted leaves me feeling repulsed.
897	The view is so amazing that I don't know what to say.
898	Finding a handwritten letter from a long-lost friend was truly surprising.
899	How is this one working better than mine?
900	it enrages me whenever a movie or show doesn't follow a single plot line through
901	Egg mustard is disgusting.
902	They were so passionate about this project.
903	The first sunny day after a long grey winter made me happy.
904	I reconsidered taking a swim once I saw how dirty the water at the public swimming pool is.
905	Getting punched in the face like that makes my blood boil.
906	Eyes narrowed into icy daggers, burning with indignation.
907	Jade gets really annoyed when her roommate does not clean up after himself.
908	It's so frustrating when your code keeps giving errors!
909	I tend to get really irritated when things don't go my way.
910	I thought I was hoping for the worst, it turned out to be even worse.
911	I am happy because I won the lottery.
912	The news of his departure left a deep sadness in our hearts.
913	Spring is a wonderful season.
914	I am afraid of big snakes like pythons.
915	The death of his brother left him completely perplexed.
916	I hate that public transportation always has delays when I need to go to school.
917	Rachel was afraid that Ross was going to cheat while they were on a break.
918	The smell of coffee in the morning is wonderful.
919	I get happy when I'm gaming
920	He felt a deep sense of loathing towards the spoiled, rotten food in the fridge.
921	It makes me feel so joyful when I'm on holiday.
922	I find it revolting when someone sticks their finger up their nose.
923	This food was far overdue it was so nasty.
924	COVID-19 has brought great depression upon humanity.
925	I get angry when someone isn't honest
926	I found myself in an uncomfortable situation at my friend's party. 
927	The carnival lasts 5 days?!
928	I don't want to go to sleep because of the previous nightmare.
929	I feel sad because I know I shouldn't drink coffee every day
930	Jack felt melancholic every time he called his grandparents.
931	When John died I felt really bad.
932	The last song in the concert left me speechless.
933	They grieved about the lose of their beloved dog.
934	I need to be under constant pressure and stress, because I feel like my life would fall apart as a consequence of crippling boredom. 
935	I really don't want to stay here any longer.
936	He got so mad when someone punched him in the face.
937	He likes when his mom cooks.
938	I always laugh when I think about last summer.
939	Water outlet is clogged with hair
940	He cries every time it snows.
941	The twist at the end of the movie was so unexpected, it left me in awe.
942	The creaking noise upstairs when I'm alone sends chills down my spine.
943	My father always has to leave, when rap music starts playing, he detests it.
944	The flu has me feeling as miserable as ever.
945	When I'm driving, other drivers will annoy me
946	I am honestly on the edge of throwing up, do not show me that video ever again.
947	The news of her passing left a heavy sadness in my heart.
948	I am somber whenever my favorite ice cream is out of stock.
949	 Seeing injustice in the world fills me with righteous anger.
950	In sports, happiness reigns when teammates prioritize teamwork over ego, uniting for victory as one.
951	Thinking about the upcoming exam makes me feel anxious and jittery.
952	I love it when the weekend starts
953	I get frustrated when my roommates are not clearing after themselves.
954	I was surprised when a bouquet of flowers arrived on my doorstep
955	She was too stunned to speak when she saw the married couple.
956	She resented being overlooked for the promotion, her bitterness growing each day.
957	My mom was stunned by the gift she received this morning.
958	He was amazed by the show put up by his favourite band.
959	I'm scared that someone is looking inside my window. 
960	I went to Zakopane, it was great!
961	Sarah's eyes widened in fear at the shadowy figure in the alley, prompting her to quicken her pace.
962	 It would definitely be difficult if there were to be a war.
963	I love taking a walk during the evenning!
964	I was very grateful for the opportunity to meet the president.
965	The news of the unexpected event shocked the community, leaving many in disbelief.
966	Finding her car scratched left her seething with frustration.
967	Тhe bad smell repels me.
968	A gasp escaped her lips as she stumbled upon the unexpected treasure hidden in the attic.
969	I never saw that plot twist coming; it completely shocked me.
970	I feel so lonely when my friends do not have time to meet.
971	I jump in fear when I heard the unexpected loud explosion in my neighborhood.
972	She spent the night fretting about the impending storm.
973	I dance when I'm at the beach with my friends.
974	I didn't expect to pass my year
975	Fortunately, I passed my exam.
976	What happened was so unexpected!
977	I have always been scared of rats.
978	I am happy.
979	My cat died yesterday and it hurts me a lot.
980	My cousin is afraid of the dark.
981	It's infuriating when people don't respect personal boundaries.
982	The possibility of failing a test keeps him up at night.
983	Losing my 4G signal when I need it the most makes me furious.
984	I get a sick feeling when I step into water while wearing socks.
985	Mom raised her voice in anger when she found out her son had skipped school.
986	Mona was truly appalled when I noticed a stranger coughing openly without covering their mouth
987	The milk has gone bad.
988	Ice cream on a hot day is pure bliss.
989	The rainy day matches my mood, i am depressed.
990	The slimy texture of the overcooked vegetables made her stomach turn in revulsion.
991	Your constant interruptions are making me quite annoyed.
992	The server not working is really getting on my nerves
993	I feel overwhelmed with sadness
994	Hearing the howl of a wolf in the distance while camping made my heart race with fright.
995	I hate it when I have to do software updates.
996	It makes my blood boil when I am being interrupted.
997	I'm hurt when people tell me smoking is bad.
998	I feel incredibly disgusted when someone leaves rotten food in a shared fridge
999	It is sad when there is nothing to eat.
1000	The sight of the spoiled food repulsed her, and she quickly threw it away.
1001	I was embarrassed when I tripped while walking.
1002	There's still a bit of ice cream left in the fridge.
1003	Tension simmered between the two colleagues.
1004	Winning the lottery was such an unexpected turn of events that it took him a moment to register the reality.
1005	I am absolutely terrified by clowns. 
1006	The sight and smell of spoiled food turn my stomach.
1007	Rainy days really crush my motivation and drive.
1008	He laughed so hard that tears started streaming down his cheeks.
1009	The feeling of being watched make me scared every time I go out at night.
1010	Hearing that song always brings a feeling of nostalgia and sadness.
1011	It is great that I succeeded last block.
1012	Watching her child take their first steps brought tears of happiness to her eyes
1013	I feel like I'm being followed.
1014	I am immensely grieving the death of my best friend.
1015	I wasn't expecting those prices.
1016	Losing my pet was a real source of sorrow for me.
1017	I don't even know what to say.
1018	The food I had yesterday was very gross.
1019	The twist at the end of the movie left everyone speechless.
1020	I like my new shoes they look good on me.
1021	It is a great day for a walk.
1022	I would panic if someone would whisper my name at night. 
1023	I get scared when I have to cook in my girlfriend's kitchen!
1024	seeing the sun set behind the mountains is always a joyfull site at the end of the day.
1025	I can't do it anymore.
1026	Ew, he hasn't showered in days.
1027	Rose felt the worst heartache of her life after the breakup.
1028	Children laugh and play in the nearby park and their joy could be heard all around.
1029	The sudden announcement of a snow day brought a joyous surprise, changing our routine into an adventure.
1030	My father was in a good mood today.
1031	Whenever it rains, my mood goes down.
1032	I was grossed out by his lack of hygiene.
1033	Being woken up at 3am by extremely strong bass of neighbour
1034	The thought of public speaking fills me with paralyzing dread.
1035	Computers working however it wants instead of how I want
1036	The cause of the ancient civilization's disappearance continues to baffle archaeologists.
1037	Missing a flight fills me with rage.
1038	Great heights make me feel jittery.
1039	I get angry when I spill coffee on my clothes
1040	My trash started decomposing
1041	Why does he always have to annoy me?
1042	The sudden bark of a dog in silence makes me jump out of my skin, adrenaline surging.
1043	I feel nauseous when I think about raw food.
1044	I can't stand it when someone lies to me directly.
1045	His voice rose, sharp and cutting, each word slicing through the air.
1046	Shivers ran down her spine as she heard footsteps approaching in the darkness.
1047	The thought of losing loved ones fills me with dread.
1048	Opening the refrigerator and finding expired milk disgusted me.
1049	They feel grossed out when they see someone sneeze without covering their mouth.
1050	The gruesome halls of this forsaken hospital horrify me.
1051	Watching the news is upsetting to me.
1052	People being increadibly stupid
1053	Having a conversation with somebody that can not admit that they are wrong can make the conversation heated.
1054	Watching a horror movie alone at night always makes me feel terrified.
1055	I was shaken by the sudden change in her mood.
1056	My dogs get all jumpy and excited when I get home from work!
1057	Thunderstorms always scare me, especially the loud thunder.
1058	He feels annoyed when people ask him atupid questions.
1059	I have no words to describe how excited I am for the future of AI.
1060	It works now, let's go!
1061	I was taken aback by when the band announced their comeback.
1062	The kid always throws a tantrum when it's her bedtime.
1063	My sister loves to sing
1064	Watching a suspenseful movie, the anticipation of the unknown conjured an irrational fear, gripping my heart.
1065	Seeing people cry makes me want to cry.
1066	The idea of getting lost in the vast, empty desert terrified her more than anything.
1067	I love it when Bitcoin pumps!
1068	I’ve been on cloud nine ever since I landed my dream job.
1069	 What a coincidence to wear the same colour shirt!
1070	Seeing an old picture reminded me of happier times, making me feel sad.
1071	It disgusted me to see my ex again.
1072	My brother beats his wife on daily basis, my father always desperately yells at him while beating him up in return.
1073	His voice cracked as he tried to speak, the weight of his grief too heavy to bear.
1074	The sunny weather always lifts my spirit.
1075	My mom gets worried for my sister's career choices. 
1076	I miss my family so much when I am away from them.
1077	I am so sorry, that was my fault.
1078	The view from the mountaintop left me speechless.
1079	The sight of a rainbow after a heavy downpour filled her heart with pure joy. 
1080	I'm surprised when they give me a new car.
1081	The mere thought of public speaking filled her with loathing.
1082	I just ate some goulash, it was so good.
1083	Someone being late makes me angry.
1084	We are meeting each other after such a long time.
1085	After the accident he was in shook for a couple of days.
1086	The idea of putting pineapple on pizza made him vomit.
1087	Eyes wide with fear, she scanned the room for any sign of movement.
1088	It annoys me so much that he doesn't want to answer my message.
1089	I had a goodnights sleep
1090	I didn't expect flowers from you.
1091	She fumed silently in the corner after the argument.
1092	The passing of their grandmother has left the family in great sorrow.
1093	I feel down when it rains.
1094	Why can't i be happy?
1095	How did you manage to do all this by yourself?
1096	The thought of speaking in front of a large audience filled me with a paralyzing fear, doubting my own words.
1097	I'm worried about my grandma.
1098	No one accepted my invitation.
1099	My friend was livid when I did not send her a message.
1100	They were repelled by the putrid bodies of a school of dead fish.
1101	Getting on stage infront of a crowd makes my leg weak
1102	I love playing with my dog!
1103	I'm enraged when I haven't influenced outcome as much as I could have.
1104	I was surprised to see my sister at my apartment
1105	I'm so annoyed by the people talking in the cinema!
1106	Facing the towering roller coaster, Jake felt a mix of excitement and fear.
1107	She was judgemental of the selfish behavior displayed by her friend's group.
1108	After John lost the football game he got really mad.
1109	I feel sad when my car gets scratched.
1110	Hypocrisy and dishonesty leave a bitter taste in my mouth.
1111	Just looking at him makes me throw up!
1112	I am the happiest person in the world!
1113	I feel like I’m on top of the world!
1114	I feel sad when I think of my hamster that passed away.
1115	My mother is proud of me because I cleaned my room.
1116	He is always incredibly anxious before important events.
1117	The constant, infrequent noise interrupting my sleep at night left me feeling utterly exhausted and frustrated.
1118	I was disgusted by the slimy old food that my friend left in their fridge.
1119	Sam felt overwhelmed with all the attention on him.
1120	I am overwhelmed by the anxiety this work causes.
1121	I get scared when walking through alleys in the dark.
1122	I am going to puke if I look at it again.
1123	I get mad when people yell at me for no reason.
1124	It’s incredible that she managed to finish the project in just two days.
1125	My mother feels sad whenever she watches the notebook.
1126	Finding a handwritten note tucked into my book was a delightful surprise.
1127	Sarah recoiled from the sticky, unclean surface of the public restroom doorknob.
1128	it makes me sad when I think about war-riden countries
1129	My teacher was confused when he saw two identical exams papers with my name on it.
1130	I remember being carefree as a kid.
1131	I smiled and laughed when I won a large amount of money in the casino.
1132	Mike failed the math test and felt very dissapointed.
1133	I feel depressed and tired every morning because of my mental health. 
1134	When I jumped off the cliff, my girlfriend was shocked.
1135	I studied so long for this exam, and I still failed.
1136	 The constant noise from the construction site next door makes me feel increasingly angry.
1137	A loud crash in the night sent shivers of fear down Emily's spine.
1138	These thieves have committed several crimes that need to be brought to justice.
1139	Last night I had a nightmare about zombies!
1140	I am bursting out of happiness right now!
1141	The unexpected gift from a long-lost friend brought a pleasant surprise, rekindling old memories.
1142	Sharing a meal with loved ones always brings a smile to my face.
1143	I started crying when I lost my backpack.
1144	I was surprised when the power went out.
1145	Seeing my family after a long time brought me immense happiness.
1146	The jokes of my friends always crack me up.
1147	He stared in disbelief at the unexpected results of the test.
1148	I haven't anticipated this outcome.
1149	My kid threw a tantrum when he did not get candy for dinner.
1150	I detest the sight of cockroaches crawling on the kitchen floor.
1151	Who added parsley to the food?!
1152	I despise when the WIFI isn't working.
1153	Sitting at the dentist makes me feel afraid.
1154	The sound of people loudly slurping their drinks irritates her.
1155	I was so afraid when I saw the ghost appear that I ran away.
1156	It's sad to see the East more advanced in tech than us.
1157	Charlie is enthusiastic to meet with her friends again.
1158	The creaking noises in the old house at night send chills down my spine.
1159	Living on the other side of the globe from your hometown leads to loneliness in many students.
1160	Rosie feels content while she is drinking tea with a biscuit.
1161	I'm angry when I hit my head. 
1162	This salad looks awful.
1163	I did not expect to pass the previous block. 
1164	The sight of a dirty bathroom filled me with disgust.
1165	It's such a shock to find out you're my new neighbour!
1166	Sarah felt disrespected when she was interrupted during the presentation.
1167	That show was amazing !
1168	I’ve had such a wonderful and relaxing holiday.
1169	It's annoying when someone is so late.
1170	I enjoy my free time.
1171	Mark clenched his fists when his computer crashed before a deadline.
1172	I can't imagine climbing that high.
1173	The sight of rotting food in the fridge made me gag with disgust.
1174	That's the last thing I expected.
1175	some people are afraid of heights
1176	Wow, I never thought you'd plan such a thoughtful surprise party!
1177	The repugnant behavior of some people is disgusting.
1178	I am crying because my cat died
1179	The smell of rotten fish from the kitchen made me gag.
1180	After what he said, I felt very offended.
1181	My dog didn't greet me when I got home which offended me.
1182	I'm over the moon about passing my exams!
1183	I love light sea brize
1184	I can't stand it when someone talks over me in a conversation.
1185	She was in terror after seeing that spider under the sink.
1186	It makes me furious when my roomates forgets to flush.
1187	I cannot stand the noise of people eating with their mouth open.
1188	I was about to vomit from the moldy, decaying sandwich.
1189	Lisa's heart swelled with joy as her dog eagerly wagged its tail in reunion.
1190	I'm so grossed out by the way my brother eats chicken wings. 
1191	I sometimes get overwhelmed with the idea of being an adult.
1192	I hate when you do this!
1193	Witnessing cruelty towards others fills me with rage.
1194	Velvet was nervous for her first presentation.
1195	Saying goodbye to a friend moving away filled me with sorrow.
1196	I feel a deep sense of loathing towards people who mistreat animals.
1197	It was such a coincidence that we met in the store.
1198	I was pleasantly surprised by the kids at the carnival.
1199	Watching the exploitation in the documentary, a profound disgust settled in, urging a call to action against such practices.
1200	Workplace issues led to a heated argument, leaving everyone angry.
1201	The end of the movie left me feeling heartbroken.
1202	Every time I hear that song, it dredges up feelings of regret and melancholy from the past.
1203	I felt threatened when my stalker aggressively knocked on my door.
1204	My sister announced her pregnancy!
1205	The lost kitten mewed softly, creating a feeling of sadness in the neighborhood.
1206	I love coffee.
1207	The laughter of my friends fills me with joy.
1208	He stormed out of the office, slamming the door behind him to make his fury known.
1209	Sometimes it's hard to find hope in the midst of despair.
1210	I didn't expect the party.
1211	Her mother is grossed out by all the dog poo in the park.
1212	I was furious of my brother for locking me out of the house
1213	Why is my teammate so bad at the game?!
1214	I could puke if I see people with dirty fingernails. 
1215	I get so frustrated when my flatmate does not clean his dishes, leaving a mess for days.
1216	We are eagerly awaiting the big announcement from FromSoftware.
1217	I am happy to help!
1218	Seeing my friends always brightens my day!
1219	I'm sad when there is no promotions on Spar cookies.
1220	I had a jolly time reading your book recommendation.
1221	I get angry when people abuse animals.
1222	He couldn't hide his detest for the taste of licorice.
1223	He was ashamed after they found out he cheated on the test.
1224	She did not expect her test results
1225	Hearing false rumors being spread about her ignited a fiery rage within her.
1226	I hate having cat allergies 
1227	She lamented the missed opportunities.
1228	When my grandfather died, I secretly mourned over his paintings.
1229	The sorrow in his eyes was unmistakable as he spoke of his childhood memories.
1230	This movie shook me to the core.
1231	I am annoyed that my brother didn't wash his dishes.
1232	This abandoned cemetery radiates a gloomy atmosphere.
1233	I was flabbergasted by the aerobatic spectacle.
1234	I get shivers when I see a spider in the bathroom, frozen in place until it's out of sight.
1235	I'm full of anticipation for this upcoming movie trilogy!
1236	Accomplishing a goal I've been working towards makes my heart sing.
1237	When I hear thunder I feel scared.
1238	My girlfriend always laughs at my jokes.
1239	Turning the corner and bumping into an old classmate in a foreign city was a surprise that left us both speechless.
1240	I hate it when people don't clean after their dogs.
1241	My parents love when I get back home for holidays.
1242	I won the race, I'm very happy about it.
1243	I cried reading a story about forbidden love.
1244	Finding a hair in my soup caused a wave of disgust to wash over me.
1245	Mark felt profound happiness celebrating his birthday with friends and family.
1246	There is nothing we can do here, we have to give up.
1247	I never imagined to find my lost dog in the park.
1248	Each sip of coffee fills my heart with joy, lifting my spirits and energizing my day.
1249	It felt so good snuggling up with a cozy blanket and a good book on a rainy day.
1250	I get frustrated when my friends cancel their plans with me in the last moment.
1251	The smell of rotten meat makes me gag
1252	Drinking sparkling water is gross.
1253	I tend to isolate myself when I am not very confident about a particular task.
1254	The load feels overwhelming, pushing me to my limits.
1255	Yesterday I saw a beautiful butterfly.
1256	I feel like puking everytime I eat peas.
1257	Hearing noises that are not familiar at night makes me fearfull
1258	The teacher was very unpleased by the behaviour of my son.
1259	His project’s idea was truly astonishing.
1260	I feel sad when I have to miss practice when I am sick.
1261	 Constant interruptions at work leave me feeling frustrated and unable to focus.
1262	She felt offended by his rude comment.
1263	The plot twist at the end of the movie caught me completely off guard.
1264	The injustice of the situation made me seethe with anger, longing for fairness.
1265	It’s frustrating that I can’t seem to understand this topic.
1266	He slammed the door in a fit of rage over the unfair decision.
1267	Emma got really sad after she found out her drawing got torn.
1268	The sunset made Sarah feel peaceful as she sat by the lake.
1269	I felt intimidated by the elephant, being so up close to me.
1270	I was anxious when I was walking alone through the forest.
1271	I am sometimes insecure about my future due to the constant change in society.
1272	The teacher is furious because the class won't stay quiet.
1273	I get enraged when my flatmates can't keep down when I'm trying to sleep
1274	My sister was really happy when she won her first chess competition.
1275	The horror movie contained an unexpected jumpscare.
1276	The taste of that new recipe was so awful; it made me feel disgusted.
1277	The anticipation of bad news when the doctor calls is almost paralyzing.
1278	Walking alone on a foggy night, the eerie silence enveloped me in a blanket of fear, making every shadow suspicious.
1279	Everyone seems happy today because it's sunny outside.
1280	As the plane landed in their dream destination, they clasped hands, their eyes sparkling with anticipation.
1281	I am shocked that my mother would say that to me.
1282	He's scared of public speaking.
1283	I hate loud obnoxious children in public transport.
1284	I feel nauseous whenever I smell garbage left out in the sun.
1285	The child awoke in a state of great terror.
1286	Watching the sunset brings peace of mind, clearing and refreshing the brain, like a reset button for the soul.
1287	It's incredibly revolting when a rotten cheese oozes onto my arm when I clean it up
1288	I'm happy when the weather is sunny and I can ride my bike.
1289	Stubbing my toes against a cabinet makes me want to use foul or harmfull language.
1290	I immediately went silent when I was proposed to in the middle of the street.
1291	I'm afraid to go to the dentist.
1292	I'm thrilled about the new action movie coming out this summer. 
1293	I feel anxious when it's presentation day.
1294	I'm amazed at how well the universe is constructed.
1295	They were threatened by the person robbing the bank.
1296	The woman had tears of joy when her man asked her to marry him.
1297	I get disgusted when someone tried to get to much attention.
1298	I'm angry when I am losing the game.
1299	I got a low grade on my exam. 
1300	Discovering the secret ingredient in the recipe left me astonished.
1301	The way he acted really made me question his personality.
1302	I get angry when my roommates don't wash their dishes.
1303	Sarah could not find the words when she heard her father was in an accident.
1304	Timmy felt anxious as he waited for the exam results to be announced.
1305	I enjoy sitting by the river and listening to the nature.
1306	Hearing a sudden loud noise, the girl jumped, fear gripping her as she scanned the surroundings.
1307	Facing my deepest fears takes courage I didn't know I had.
1308	my friend broke his neck
1309	He threw the book across the room, frustration boiling over into action.
1310	I'm scared of wasps.
1311	My sister felt guilty for eating my portion of the cake.
1312	With friends who share our goals and mindset, every step forward is a joyful adventure towards our dreams.
1313	The ghost story she told at the campfire was spine-chilling.
1314	I had never expected that my cat would ever come back home.
1315	Yesterday I have seen licking child's face while he was bursting out laughing.
1316	It disgusts me when someone smells bad.
1317	When someone is disrespectful to someone else it makes me angry.
1318	My mother feel quilty that I had a car accident last week.
1319	My mom is frustrated that my brother didn't pass his exam.
1320	They feel sad when this song plays.
1321	She was disappointed with the results.
1322	The crunch of stepping on a bug makes my body shake out of disgust.
1323	Raindrops trickled down the windowpane, mirroring the sorrow in her heart.
1324	Tears streamed down my mother’s face as I left for further studies.
1325	He couldn't help but smile every time he thought of the upcoming vacation.
1326	I hate it when it's really bussy at the gym.
1327	I was shocked to find out my husband had been cheating on me.
1328	being awoken to a shadowy figure at the edge of my bed
1329	Sitting by the lake when it's quiet makes me feel calm and happy.
1330	I'm so proud of my brothers good grades.
1331	He has a gun!
1332	Seeing a smeared out turd on the street is disgusting.
1333	Meeting old friends after years brought immense joy to my heart.
1334	It can be scary to go for a walk in the park during the night.
1335	I get pissed when my flights are delayed.
1336	I'm in great remorse after yelling at my parents.
1337	I really like the flavor of this dish !
1338	Whoa, that was crazy!
1339	I tried to suppress my anger, but it bubbled up inside me like a raging inferno.
1340	I got excited when my dad told me that we are going to Disneyland tomorrow.
1341	The broken toy made the child frown, feeling a little bit of sadness.
1342	My boyfriend broke up with me.
1343	Coming across a cruel comment online, I felt a wave of disgust for the anonymity that emboldens such harshness.
1344	The sight of cockroaches scurrying across the floor fills me with disgust.
1345	Alex's heart raced when he got lost in the unfamiliar, dark forest.
1346	I was blown away by her tallant.
1347	A weak mindset leads to weak men.
1348	Darkness is my biggest fear.
1349	I so sad, I just finished my ciggarretes.
1350	Tom's smile grew as he opened the gift his wife had given him.
1351	I was shocked when I find out that my health condition isn't good.
1352	The overflowing trash can filled her with an immediate sense of repulsion.
1353	The surprise party left him speechless, surrounded by friends and overwhelmed with joy.
1354	He gets enjoyment out of programming.
1355	She made me uncomfortable by talking about my dead dogs.
1356	The persistent noise from the construction site next door kindled a simmering anger, disrupting my peace.
1357	Seeing mold on bread immediately turns my stomach.
1358	Her heart skipped a beat as she walked into the dark and damp warehouse.
1359	Seeing someone steal usually makes me aggresive and hateful
1360	Eyes widened in astonishment as the curtain rose to reveal the breathtaking stage production.
1361	the birds chrip happly while flying from branch to branch.
1362	Watching a horror movie late at night left her afraid to turn off the lights. 
1363	I was surprised with how quick we got there.
1364	He's feeling sad because his pet died
1365	Tonight were are going to celebrate my brothers birthday.
1366	Listening to music makes me feel great.
1367	Sometimes the fear of failure can hold me back, but I push through it.
1368	He felt betrayed when his secrets were shared without consent.
1369	The taste of spoiled milk made him recoil in disgust. 
1370	I'm mad at myself for forgetting the important meeting.
1371	I was startled by my cat making noise in the middle of the night.
1372	This movie usually makes me smile.
1373	Emily's eyes widened in delightful surprise at the stunning jewelry in the plain-looking package.
1374	I got furious when I had an argument with my sibling. 
1375	Living far from my parents makes me feel lonely.
1376	I feel so bad when I see her.
1377	After eating it for months, Johny felt grossed out by the idea of spinach soup.
1378	The wilted flowers in the vase mirrored the sorrow I felt within.
1379	Emma panicked when she realized she had lost her phone in the crowded mall.
1380	I'm anxious when thinking about losing my close ones.
1381	After losing his phone, he was in panic.
1382	The sight of the litter-strewn beach filled me with a sense of disgust, tarnishing the natural beauty.
1383	I live in fear.
1384	Feeling alone in a crowd can be overwhelming.
1385	Sounds like the neighbor is really pissed off.
1386	Thank you so much for your help.
1387	Coming home to your wife and 1 loving daughter does fulfill most people, however this isn't the case for me..
1388	With a startled exclamation, he dropped the letter, unable to comprehend its shocking contents.
1389	The unexpected thunderstorm caught me off guard and left me feeling scared.
1390	The sight of the moldy bathroom disgusted me.
1391	I’ve been having a really hard time lately.
1392	How did you manage to get here?
1393	The smell coming from the musty clothes made my eyes water.
1394	I love the sound of thunder
1395	Being alone in the dark forest made my heart race with fear.
1396	She's terrified of heights.
1397	I have no friends, this makes me feel lonely. 
1398	Stumbling upon an old friend in a foreign country was such a surprise.
1399	I get nervous arround my crush.
1400	I'm so mad I lost my keys.
1401	Watching the leaves fall silently from the tree, I felt a profound sense of sadness, as if saying goodbye to an old friend.
1402	If this baby cries the whole ride, I will lose my patience.
1403	Losing my keys drives me crazy
1404	I'm repulsed by the roaches in the basement.
1405	This was the best birthday I've had in ages!
1406	Mark's face twisted in disgust at the unidentifiable substance in his restaurant salad.
1407	Snow ocasionally falls in sahara desert
1408	The unpredictability of life never ceases to amaze me.
1409	I am glad that you passed your exam.
1410	I get excited when I see my dog.
1411	I’m feeling down.
1412	She was surprised when he came to visit her.
1413	Hearing the unexpected news about the job promotion shook me with excitement.
1414	I'm glad we managed to get tickets for my favorite band.
1415	The idea of eating raw oysters just fills me with repulsion.
1416	Spending quality time with my cat, cuddling and playing together, brought a smile to my face.
1417	Every year i experience seasonal depression.
1418	I'm afraid of snakes when I walk in the jungle.
1419	Some drivers on the road drive like they got their driver's license in kinder garden.
1420	Winning the award was a moment of pure bliss.
1421	How are grapes allowed to exist?
1422	being encased in insects is a fearful experience
1423	I hate it when someone interrupts me while I'm talking.
1424	I'm happy when I'm with my friends.
1425	Missing someone I love makes me feel sad.
1426	The Doctor's results are worrying.
1427	Having no friends seems to be a lonely thing.
1428	Solving a problem after a long time is a great feeling.
1429	Hearing strange footsteps behind me on a deserted street made me panic.
1430	Stepping in mud makes me feel gross.
1431	I feel guilty about the ice cream I stole as a kid. 
1432	Her ability to recall obscure facts never ceases to amaze her friends.
1433	Your cat is so cute, I love him.
1434	She remained skeptical about the new product.
1435	I love egg fried rice.
